name	latitude	longitude
Akshaya Lakshmi Comfort	16.9478683151	76.5552800756
R B Hospitality	15.941012693	75.9441439074
Aloft Bangalore Whitefield	16.2830781506	75.4144927371
Fortune Jp Palace	17.2710947356	77.5716380328
The Solitaire	17.1416628174	76.6963519556
MayFlower The Business	17.2398943086	78.2583104165
Paraag	16.8155938149	75.1212419237
Palm Meadows Club	12.1065341698	77.2878025481
Indus Valley Ayurvedic Centre	13.1482898664	76.8469771356
The Orchard Suites -Sarjapur Road	13.2179789522	77.178505341
La Classic	16.8800041327	74.8785167011
King Regency	16.2135009178	76.5523758365
Shri Ramakrishna	14.8756951906	74.8384189277
Nalapad Residency Mysore	17.1526528343	78.5677265833
Palace Plaza	15.155116969	75.136580578
Everest Comforts	15.362043419	76.7461124375
Comfort Inn Vyshak	17.4754475639	77.3393566112
Dhammanagi Comforts	16.4664174987	77.5157618866
Shree Guru Residency	17.0920062503	77.6038720844
Venu Guest House	16.0959076027	77.862679285
Gopi Guest House	18.2625908008	76.9215980872
The Diva Boutique	13.8383044583	75.9467306663
The Sslr	14.5368618389	76.0080459451
AJ International	13.6325658065	77.7298562971
Annora	13.2391870194	75.772385103
Infantry Court	13.1361093898	77.0396561999
Basant Residency	12.5800758061	76.5266317583
Melrose Serviced Apartment - Shanti Nagar	16.2864545988	76.84515981
Taj The Gateway Residency Road Bangalore	16.142043081	75.7125000415
Sambhram Roost The	11.8674026704	78.4587413589
Veerabhoomi Tourist Village	14.8540878654	77.7576279533
Orchid	17.2717604639	78.4431360021
9 Marks Inn - City Centre	17.6286610644	74.8213104762
Misty Woods	14.503874906	75.4330216696
Lake Habitat 	15.6585056762	77.5450754759
Maruthi Palace	13.6820192154	75.4233243558
Nandhini, Domlur	15.9103061523	74.7008278578
Compact Greenview Homes	15.2930924751	74.3009493487
Daffodil Hospitality Brookefield Road	16.9740492329	77.9418710176
Yogamaya Comforts	14.3262951466	76.3947921536
Air View Court Serviced Apartments	16.7163332291	77.6696774223
Padma Guesthouse	11.7518629621	74.3402830425
Abhishek	12.7444146113	78.214162701
Nandhini Jayanagar	12.0728839581	78.2550156079
Komfort Terraces	16.2190504442	74.1990301151
Oyo Rooms Majestic	18.0871161519	75.9990409804
Yedamakky Cottage	15.0282810454	77.9891467423
Hotel Kenzo Inn	16.8792779265	75.8621799124
Royal Orchid Central Kireeti	16.4906098766	77.3111055907
Citadines Richmond Bangalore	16.069406149	76.6757156627
The Gateway KM Road Chikmagalur	17.2767293084	77.6812607477
Real Stay Inn	15.4820724435	75.0972513302
Citrus Cunningham Road	14.9441775095	78.5176908472
The Serai Resorts Kabini	16.1962780445	76.7821075856
Ibis Bangalore Hosur Road	12.2443294338	75.5387240357
Aurick	18.3190705592	76.6228218575
12th Avenue	15.2898407371	78.4819710169
JW Marriott Bangalore	13.400425057	77.2705461813
Akasa Mysore	12.3497946261	77.4830736767
Orange Tree Inn	13.8494742685	74.7588042713
Maurya	16.478648635	75.677987051
Oyo Rooms-Indiranagar	15.0355721133	75.5581346366
TAP Silver Square	17.5982534868	75.8853411132
Kannika International	12.8193244348	74.2279967139
Akash Inn	17.9815355122	75.2075155524
Classic Homes Serviced Apartments	14.0655941984	78.0783031715
City Home Service Appartment Ii	12.6740292757	74.7724180825
The Bouvice	17.654825328	77.3946940563
Cosmos Guest Homes	13.0243671639	78.0271375115
Apollo Sindoori	11.6877578312	76.6566490657
Shreenath Palace Jhansi	14.0082664782	78.5089002582
Panchvati Comforts	16.5755220549	75.6810208258
Curzon Suites	18.1004879026	75.0216416138
GMR 18 Grand	17.6240072562	75.2657241514
LaLiT Ashok Bangalore	15.9296998717	75.701532143
Golden Palms and Spa	13.4564848914	77.6414648649
NewFormule1 Bangalore Whitefield	16.0141031003	75.901510859
Casa De Bangalore	15.1530641301	74.6132730481
Savannah Sarovar Premiere	17.797349841	78.1059772375
Wild Woods	13.2602635813	74.439042645
Confident Propus	13.797130065	74.5102795977
Rocky Guesthouse	16.4097567241	77.7667454465
Navratna Palace	13.7417933171	77.4014356973
Oyo Rooms Whitefield Main Road	13.9143233491	75.9158118668
The New Casablanca	17.2922445964	75.6369613861
Maple Inn Budget	16.8375121753	74.6203777581
Sairam Residency Boutique	18.12156214	74.9615884529
Golden Sands Bangalore	14.9498044934	76.0449102767
Royal Comfort Park	16.7303110317	76.8134289629
Amm Residency	18.4532758706	74.4762140259
Woodside	17.4955289498	78.1260940599
Sahara Residency	13.1481843547	76.667393093
Siddharta Mysore	11.6406976336	78.0208241848
ITC Windsor	16.2256296855	76.4773675073
Vivanta By Taj - Yeshwantpur	16.3858869216	78.1561450977
Nahar's Heritage	16.1417366013	75.7787680668
The Mayer Indiranagar	15.3809135884	77.5905126626
Komfort Suites	14.4882564824	74.4259968706
Regaalis	17.7020551636	76.6344722422
Liwa	17.1133486827	76.0495486657
The President	15.2142973542	75.7184546338
The Hans	12.5211715189	77.4719906151
TAP Paradise	17.9854603787	74.5572127139
Merivian Lets	13.9276631743	76.7070451781
Nandhini JP Nagar	16.6739016248	77.0625973311
Pearl Inn	15.8779009428	78.0579315138
Bhuvan Palace	14.8664667811	78.3713861276
Bhagini Residency	16.1168220865	77.9065332105
Oyo Rooms Bannerghatta Road	15.838943556	78.5546267398
Deva Residency	12.3029165146	77.5783903547
Transit Living Jayanagar	14.9308001786	74.3689785177
Mels Service Apartments	16.2532676455	77.1439463783
NewRajmahal Inn	11.6824811167	78.293291296
Ocea International	14.1850889971	78.4759571822
HoppersStop Jakkur	13.8398534418	77.9098153999
Nandhini St Marks Road	12.6918949418	77.2393528478
Melody Inn	18.394847526	76.8782239058
Thyme The Transit	11.6242871906	77.1330776338
TheTamara Coorg	16.3684562207	75.4789879743
NewIbis Bangalore City Centre	18.3982636775	75.9653430519
Goldfinch	16.1490275409	76.579337354
The Mayer Whitefield	15.9828059266	77.3911753276
Abhimaani Vasathi	18.2479319728	77.0457789879
Krishinton	16.3591345616	75.3852874679
Pratham Inn Resorts	13.9618100736	76.6483220186
Kodagu Residency	12.9336028924	77.784886979
Rock Regency	16.5059752583	74.9709083858
Urban Retreat	17.2208764855	76.34699326
Planters Inn	14.4715310931	75.5923166511
Shreyas Residency	17.421627663	78.0074432628
Mahalakshmi Comforts	13.2040328132	77.1289014354
Gallery View 	13.5875479741	77.0288684777
Mtr Deluxe Lodge	12.6430419513	76.8119868442
Rainbow Residency	14.3854984926	77.8560546304
Abs International	12.0850391313	78.5867924693
Jade Emperor	16.2132571042	76.6700009832
Pranam	13.3885079531	77.8281277933
Kings Kastle	15.1090716781	75.3999707256
Narayana Comforts	11.8637152422	76.2514549072
Natasha Inn	13.1046957049	76.7722910801
Royal Inn	17.2208126442	76.9478185303
The Viceroy Comforts	14.7584047217	74.5796398509
Sandesh Kingston	12.8030350744	74.6205665471
Woodstock Express	15.9279433707	77.7193380336
Varsha Enclave- White House	14.1609429319	78.4573988618
Udupi Residency	13.2804256899	75.6536959106
Rest Inn	17.399080332	77.5748519963
Chalet Citadel	14.9316208196	77.2041639698
NewHoward Johnson Bangalore Hebbal	14.1513270918	77.6022508886
NewAloft Bangalore Cessna Business Park	15.1224475698	74.1110453345
Evoma Bangalore	12.6136861094	78.3484721076
Savoury Sea Shell Residency	16.181189645	77.4946494587
Sunflower	12.6000302792	77.9886073535
Maratha Palace	16.0985567231	74.9054150438
Hassan Ashok	17.0663806145	77.1552028769
Deepa Comforts	17.7316882275	76.1490532544
The HHI Select Bangalore	18.3807635079	76.5582975114
Clarks Inn Airport Hubli	14.8897166306	76.3161767601
The Zuri Whitefield	13.8805429982	78.5190014611
Ballal Residency	17.9941974305	76.7282650018
Lalit International	13.7887215727	74.5970503032
Keerthana International	13.3303742856	74.2091694899
NewJanpath	13.3314088418	77.4717358757
UG Regal	16.0647942832	75.6049322566
Srinidhi Residency	14.7097773894	78.0148077046
Nile Residency	15.5897501471	75.0800023996
Classic Comfort - Tg	16.2530736172	75.6875784482
Ujjwala International	18.1914935492	75.4924528715
Sai Suraj International	15.0619208732	75.8894847263
Vt Residency	16.8189337785	78.0895857926
Golden Gates	14.2509174483	76.9481477771
White Woods	15.7463136534	76.4893176437
Dr Rajkumar International	14.353032402	77.9531618694
Parklane	12.7687231862	78.3205645505
Grand Bee	18.1036123502	76.4700431213
The Quorum	14.24664567	77.8165562242
Ginger Hotel 	16.6989400567	77.543968552
Hyatt Bangalore	16.2366547553	76.1482191081
Goldfinch Mangalore	14.9706971907	76.5169157451
Fortune Select Trinity	12.3592751261	77.858364022
Lemon Tree Whitefield	17.7243037719	76.9268094431
Inland Avenue Service Apartment	15.562998453	77.0031739382
Maple Green	17.3331957602	74.3453625736
Sandesh The Prince	17.5662424875	75.7371143704
Fortune Park JP Celestial	14.9030834336	74.4597393201
Ambatty Greens	12.4486647403	75.0974809675
Parijatha Gateway 	12.7670410952	77.661484438
City Centre Residency	15.5376103123	77.4611764354
The Chevron Orchards	13.6513596319	77.3028378374
Brigade Homestead - Jayanagar	17.5799445117	75.1917519198
Maple Suites Serviced Apartments	13.3560008012	77.9089435377
JP Cordial	13.0510176353	76.099576713
Keys Whitefield Bangalore	16.4024575319	74.583375096
Summer Sands Beach Resort	14.1526722006	78.3061677924
Keys Hosur Road	16.946274707	74.3423935272
Royal Inn	14.154438193	76.6697684637
Maia Beacon Residences	15.9755379366	77.5087414637
The Cute A Village Resort & Spa	12.03792444	78.5312540145
The Green	16.5455810677	76.5648143798
Sanman Deluxe	15.1763448104	77.856393237
Brunton Aster	17.7553522008	75.5866764876
UG Grand	17.0615408097	78.3253933986
Shrusti Residency	17.5388966786	78.2944686103
Shoba Suites	17.8786227777	76.6478093174
jSTa The Residence Indiranagar	18.031359318	74.2489246557
City Living	14.491870495	77.0430470115
Capitol Village	16.6550819479	75.5368969774
Oyo Rooms Victoria Layout	14.1510023502	77.8301911601
Btc Comforts	15.11436413	76.0589938469
Dasaprakash Paradise	15.7499150278	75.2500078111
Stay Inn	13.125792915	74.7272351427
Lakshmi Heritage Tourist Home	14.8802290073	76.2081012854
Chinna's Residency 	16.4572324827	76.0183031996
Suhashini Palace	14.3175263924	74.1920469894
The Redlotus Suites	15.6713834141	75.569288566
The Grand Meridien	13.1215692226	78.4147967051
Hotel Enzo International	15.8646408813	77.2609116914
Shanbhag Towers International	17.5812231876	76.056665039
9 Marks Inn Indranagar	15.6293220613	77.2532176768
Check Inn	12.3469917971	75.5259127105
Suman Residency	17.036702722	76.6299396093
Holiday Village	15.8329057126	77.6109539324
Sai Renaissance	18.1224420467	75.6477060544
NewThe Dawn	14.7585346046	78.0096182857
Highgates	11.8613610737	78.1145328702
Stopovers Hebbal	14.3690761185	77.0575795088
The Prestige	17.2714429412	76.6820197479
National Residency	13.2099847186	75.6596737304
Jayamahal Palace	18.0491196294	77.2589961646
Adarsh Hamilton	16.9332380221	74.5087162759
St Marks Inn	12.1042086683	75.8263891195
Vt Orchid	11.9745578378	76.4061153265
Maurya Residency	14.6360457022	76.3239912836
Shelton Grand	15.1398610565	75.9350846655
Swagath	12.6130385702	77.5787479931
Ganga Sagar	15.002713247	78.313060466
The Nest Residency	17.3161396875	75.5700889073
Honeydew Habitat	12.2353331292	76.2303695198
Oyo Rooms Jp Nagar	13.135213115	78.1226888297
Amshi International Inn	13.9795527776	75.9221946121
Raj Residency	18.35997913	75.0065287942
Pai Vaibhav	17.2780726653	74.1461289412
Casa Meridian	15.5958710098	74.1274025324
The Casiita	12.6085074498	74.9175246793
Elite Marigold House	14.3548535882	74.9237341396
Country Club Mysore	18.495643989	75.6733976521
Atithi Grand	18.2200788894	76.3453201988
Pleasant Moments Koramangla	12.9428598281	76.5124877206
D'Habitat	14.4747372764	78.4383692681
The Leela Palace	15.6546174001	77.7448280282
Samrudhi Park	17.016762631	74.9926928627
Vishwaratna	13.7917562425	78.5585479313
Satkar Paradise	12.8242213714	78.5419712787
Laika Boutique Stay	16.4974437863	75.5801037103
The Curzon Court	11.7885228504	77.9889395523
Sonchiraiya	14.4765347875	77.9044481956
Golden Residency	14.323352798	77.7407477669
Oyo Rooms-Brigade Road, Bangalore	13.3479081421	74.3222977364
Oyo Rooms Yeshwanthpur	17.8261644366	77.2542398848
Kavery Riverside Homestay	14.7900859322	75.9534271622
Hospitality Inn	17.8342294924	74.1272163365
Hotel Royal Residency	16.8377038467	75.3608320891
Grand Lotus Boutique	16.3996200277	77.246116391
Sabharwal Viceroy	13.9614234483	74.4373968964
31 South Park	18.0851205387	76.0423953669
Grand Maurya Resort	16.0388014703	76.1708143287
Blue Chip Korais Inn	18.4777695541	77.3770081007
Tristar 	16.4400676283	75.3024608254
The Krishna Nibbana	14.4742949382	77.2729454225
The Belair	13.3132978807	77.6669444489
Heritage Resort Coorg	16.9568802914	75.8678708333
Coorg Jungle Camp	13.4459706319	75.655836521
Coorg International	13.8771851876	76.087813498
Premier Inn Bangalore Whitefield	12.1124057508	74.5705261724
Sterling Suites Langford Town	16.6323588781	76.8129336752
Terrace Gardens	17.2987056505	74.7079989171
UG Royal	16.4519259298	74.6200585259
Anugriha Womens Stay	13.0648476629	74.6881517129
The Corporate Comforts	17.4603846183	74.3409939079
Poonja International	17.3440506455	75.7011053493
Kumar's International	15.6758326433	74.1730920486
NewThe Signature Inn	12.9463176631	75.7970104967
Bulande Hospitality Services	18.4463080242	75.4336667562
4 Seasons Homestay	17.0138100874	77.6901262076
Crowne Plaza Bangalore Electronics City	15.8610236563	77.712520564
Sarovar Radha Hometel	14.5874406	76.9470264784
Royal Orchid Metropole	15.7409856694	77.6511653179
Vande Matharam	14.5569261645	75.8265436502
Thalassa Suites	18.3024519377	75.6847903052
Dew Drops	14.8833540501	77.7265033351
Jade Garden	18.0793856518	78.5239093842
NewDoubleTree Suites by Hilton Bangalore	15.0449560955	74.7422390443
La Villa	13.8319512005	74.11748657
Royal Orchid Resort ex Doddis Resort	17.4162999578	75.9642836975
Guhantara	17.984715437	74.8211140388
Bird Of Paradise	11.9670615652	78.1608620918
Golden Guest House	15.0711810554	77.7817180354
Oyo Rooms Indiranagar 100 Ft Road	18.3446719427	75.6875387823
El-Shaddai Homes	18.47140111	77.937849974
The Chettinad	18.2234043792	78.2862005717
Peearl	15.4675045912	74.4588798894
Sharada	13.3688136327	78.2846017454
Oyo Rooms Kasturinagar	14.3731406732	77.132200569
Madikeri Heritage	11.8859633496	76.150827834
Aishwarya Duites	17.5617616868	78.0196730978
Sunflower Bangalore	15.316343345	75.0007378125
Bluechip Korai'S Inn	15.2141318551	74.7224279083
The Essence Suites	16.9042578013	74.177262891
Nandu Associates Koramangla	13.5740806861	77.2563958905
Urs Regency	16.3182835973	76.22459151
Mallikha Residency	14.343862661	78.20166023
NewThe Ritz-Carlton Bangalore	15.3728800719	75.2144218125
Orange County Kabini	13.2744587499	76.4579018162
Mango Suites - Bravo I	16.7307426362	74.6828478648
The Chancery Pavillion	14.849324453	75.8968678038
Tiara	16.4225064372	77.5703487823
Mapple Express Bangalore	17.2871584181	78.5227084281
Sai Vishram Beach Resort	13.5530412642	74.2796292836
The Silver Oak	12.4725735269	77.9240500783
Grand Pavilion	16.1957745364	74.6184768686
The Citrine	13.8907134625	76.0886757892
The Pride Bangalore	16.2345599542	74.6679548271
Coral Tree 	13.191450115	74.5035628105
Jsta Off MG Road	14.9446026975	76.3044869013
The Iris By Bhagini	13.6321788264	74.5827227102
Radisson Blu Plaza Mysore	15.1067666581	75.6689792496
Trinity Suites	13.9920202159	75.9728457062
The Sanctum Suites	12.36981462	78.5337101708
KandiTree	12.2241225186	76.747068216
The Olive	16.6720215793	75.1413318975
S hotel	15.7180300492	78.2879322147
UG Deluxe	16.9687670524	78.2833286017
UG Classic	14.3014585343	75.8694135685
Maya International	13.0971587609	77.6760483354
Oyo Rooms Inner Ring Road	12.1361668465	74.3529064143
Kingston Palace	14.0138196623	74.4758471582
Sunil Residency	14.0307213789	75.4074102347
Nalapad Residency	15.4729377973	75.8907281411
Highton	13.5074329397	77.3535218237
The Crocus	16.9758454814	74.9633769641
Surya Residency	12.2303396331	78.3177901121
Sandhya Residency	16.4743006601	74.5053364165
Arama Suites	18.0289516561	76.8165523124
Boulevard Riviera Apartment	14.8204926579	74.9000226043
Vits Allum	11.7689559591	75.0655394195
Simon Comfort	12.4366673289	76.7483449622
Pai Viceroy Jayanagar	12.2299777007	77.9807327473
Royal Orchid Brindavan Garden	16.2396919225	74.1079674937
Silicrest	14.5143423415	78.5248018846
Moti Mahal	18.2566363071	75.6976286197
HM Suites & Studios	16.5229797244	76.8502623942
The Royale Senate	12.1626485797	75.1201403938
The Gateway Old Port Road	14.1251230827	75.7960296441
Hindustan	15.0281736318	76.4335633647
Navya Residency	17.3384692254	74.7006633731
Lucky Inn	17.6522786581	77.9789842071
Aditya	18.0900699841	77.9594797774
Oyo Rooms Bannerghatta Road 2	12.7283090879	75.7010838008
Prakaash Palace	12.5245758323	75.8014442371
Golf Inn	17.047692545	75.7967711732
PC Residency	12.9363945605	74.4326777074
Rajdarshan	14.0518298177	78.3335544875
Pavana Residency 	17.9773269879	75.12107064
Sheetal Residency	15.1463724867	77.9695651997
Magaji Orchid	16.070628887	76.6062281999
Pleasant Moments Whitefield 	17.0650998786	74.4665415331
Nandhini - White Field	16.819168556	78.3137536134
jSTa The Residence MG Road	12.3615403446	76.7943095276
Oakwood Residence Whitefield Bangalore	15.6312575291	78.4742974966
NewRamada Encore Bangalore Domlur	18.2872196959	74.399495143
Sheraton Bangalore at Brigade Gateway	12.1933814727	77.9432863655
NewOrange Suites Airport Transit Stay	17.3410358809	78.3527212825
Caveri Residency	16.5811862337	74.6075320262
NewSunray	13.2630160324	75.0273598579
Pearl Suites	17.1976730306	75.1098414121
The Park Bangalore	13.5588624778	78.1860251062
Hrudays D3	14.6631643455	75.2706924199
i 145	12.6584283278	77.829411602
Ginger Mangalore	16.5916968834	77.9787708265
The Monarch Luxur	16.6115291982	74.2325974882
Kalyani	18.4865424564	74.8102731989
Oyo Rooms Mg Road	16.5470655141	76.7519414856
Temple Suites	17.6434057036	74.4228156546
Shoba Inn	17.0964046196	77.4746674873
Vega Residency	15.9947914722	77.0440398035
Nava Nidhi 	13.1345966806	77.9199890938
Janardana	17.6080464346	76.6671275092
Snt Comfort	12.4263678187	74.6638248242
Sujatha Residency	16.9029377703	75.4220498625
Sk Residency	12.5091060761	76.4636164603
Aga West Park	14.4079050261	74.4385718354
Dreamland Homestay	12.3657599722	77.8918800059
Park Inn Hospitality	15.4847086936	77.2100036069
Serenity Inn	15.4464308749	74.3488890386
Safina Bangalore	14.4447922441	77.6643025192
Taura Comfort	17.8666334611	78.3170329656
Om Residency Serviced Apartments	16.3707284738	78.0509952837
Ramanashree Brunton Road	13.0223328454	78.4019644761
Zip by Spree at Woodrose Club	11.6549756283	75.1291841562
Gardeenia Comfortes Suites	16.5325430525	74.4916563555
Sterling Holidays Emerald Bay	16.3004041532	76.7407657968
My Fortune Bangalore	13.4123136237	78.0673598004
Purple Lotus Boutique Suites	15.0283900669	78.427856446
24 Tech	15.6627627354	77.8033526418
The National Residency	16.2201574646	75.100587825
The Libra	16.2021257349	74.163619064
Mayflower	14.4591655243	77.3252083545
Oyo Rooms Manyata Tech Park	12.0985773426	77.197854469
Oyo Rooms-Mg Road	15.6482927614	77.8826967807
Thilak Home Stay	18.1063320403	75.421195783
Aishwarya Residency	11.9814423118	77.3672159491
Kanishka	14.9359461432	74.2263007623
Megha Residency	11.7589055245	75.1603195411
TAP Gold Crest	15.8541879674	74.1195003195
Skanda Shelters	13.2666965684	75.2217660748
Maya International	13.7961479266	75.7891720597
Leisure Vacations Westend Resort	17.0020476455	78.1991338473
Oyo Rooms Rt Nagar	12.2473685178	75.1051414151
Nandu Associates Marathhahalli	14.2567157277	74.3789478808
Akshaya Residency	15.0625427061	77.269623046
Royal Shades	17.7810224195	75.408765778
Carlin Serviced Apartments	13.135047541	78.0090288557
Royal Opera	14.8199461969	75.3889581093
ITC Royal Gardenia	14.0294603429	75.8318357102
NewFairfield by Marriott Bangalore Rajajinagar	13.6015493771	78.0089312323
Stamford Residency Bangalore	12.1067333085	74.5913082988
Grand Mercure Bangalore	15.3085496874	74.6636979697
Svenska Bangalore	16.2058214315	75.3874386117
Mango Suites - Bravo II	13.3918216221	75.3331857917
The Orchard Suites Sankey Road	16.6506091124	76.4348215051
MGM Mark Whitefield	12.975881526	76.0555695632
Club Mahindra Kodagu Valley	13.9605045732	76.858907145
The Ocean Pearl	18.4073181229	75.3381497959
Regaalis Bangalore	18.2234902931	77.4038441682
Parkway	17.0344347268	76.4506745079
Rathna Mahal Residency	12.4036384441	74.5059623329
Chairman's Resort	17.1323405006	75.0812751616
Gangothri	14.2941768153	77.1291620151
Priyanka Residency	18.1999517034	75.6202782684
Nandhini Minerva Circle	17.6090254609	75.0395679091
Guptha	17.9480351716	76.7387917718
City Centaur	15.9141094078	76.6925034753
Barons Inn	12.5784334473	76.1146676576
Hayz Boutique	14.1241549606	77.290944758
Maple Green Deluxe	17.9124666976	74.4323125245
NewMayura International	16.6589311052	75.3040828644
Vaishnavi Residency	14.3781299311	74.9090653914
Edassery Davis Let	14.2400965878	76.9896966085
Shilton Residence	14.3111615447	77.6759009815
Bangalore Gate	13.1257648328	77.1661756626
Alila Bangalore	17.3352116878	78.406103084
Nagarjuna Suites	16.4230448016	75.4879093845
Royal Orchid	13.0001621827	77.6960346765
Luxlivon	16.6406809291	74.7787259075
Crystal Castle	16.9614099617	77.4633653194
Iris	18.1335796983	76.8994097389
Roerich Grand (A Unit Of Roerich S Pvt Ltd)	18.336743874	75.2456200277
The Park Residency	17.3104408419	74.6509260193
Pai Comforts	14.8178615703	78.0712402749
NewThe Atrium Boutique	11.6863087402	77.1301609789
The Old Kent Estates	15.3202978726	78.0116120611
Ginger Bangalore	17.4268793779	78.2761854919
The Urban	11.6457228952	75.1536710522
Sterling Suites Marathahalli	14.5593391221	75.9422331355
Bangalore Marriott Whitefield	14.2889438593	77.8655049082
Hill View	15.259995255	74.3008060443
Novotel Bangalore Techpark	12.853279671	78.0785915649
Honnagiri Residency	15.6050487418	75.9012064946
Minerva Residency	18.2719611253	74.2267576739
The Viceroy	12.3444173566	77.0792010702
Airport Residency	17.8135269697	77.4119786662
Suvarna Residency	15.6342785295	77.1497635217
Sshringar Intercontinental Mysore	18.2521583452	74.2573040951
White Parrot	15.0914597917	76.3799279082
Holiday Home	16.7664473788	75.8172251447
The Prestige - Tg	15.8046880689	76.5440886756
Grand Krishna Rooms	14.0357592299	75.1789959237
Metro Plaza	16.2728577674	74.6763982006
Star Studio	15.0430377691	77.2229447261
Veenu International	12.1446684925	74.1973985818
Hilton Bangalore Residences	14.7164352614	77.0262202136
Wonderla Resort	12.329861919	78.4228807122
Ramanashree Richmond Circle	16.2259684812	74.6426978049
The Sai Leela	16.018045991	75.7636701491
Tata Coffee Plantation Trails	18.3824067192	74.5577397281
AyurvedaGram Heritage Wellness Centre	15.1902125012	74.6003458683
SFO	13.7107862606	77.3573168678
Victorian Verandaz	11.6649536956	77.9930036337
Mahalakshmi Residency	13.5538028462	75.875512664
Swadesh Heritage	15.5310513782	75.2706022732
Jade Empire	12.161025161	77.6262820207
Blue Moon Residency	15.8683584151	76.5904412213
Century Residency	14.9991285086	77.2528938789
Chalet Suites Bangalore	14.0864938287	77.6153561392
Cynosure Boutique Suites	16.9424968031	76.6911445835
Nandhana Comforts	13.2615721351	75.1060614495
Hill View	12.6373303191	74.4449004205
Empire	17.6572953797	74.1916031514
Oyo Rooms Marathahalli	13.4649207696	78.4796961758
Inchara	17.7417060406	77.0019868218
Umerkot Residency	17.5809042632	77.2788570155
Atlaantic Inn	17.6334274429	76.7445396201
Red Mount	14.6468437861	77.9092300441
Sri Krishna Residency	13.0594328267	75.3461277963
The Blue Mountains Estate Stay	17.3324099259	74.9044862757
Vellara	18.2307200996	75.6446833422
Central Inn	11.8213414354	75.1448905539
Vijayshree Heritage Village	11.6428252169	77.105796653
NewVarsha Enclave Service Apartment	12.1119027122	77.5230220256
Lemon Tree Premier Ulsoor Lake	16.2422126523	75.248670856
The Chancery	16.4858671068	75.8074186345
Shrinath Palace	14.6817723643	77.7255601949
Amanvana Eight Island Resort	12.8540640022	77.6397667656
Sterlings Mac Hotel	15.2834958147	76.9277804447
Ibis Bangalore Techpark	13.2493099174	74.82696007
Crest Executive	17.5297163136	76.0671947622
Grand Magrath	17.4830484758	77.6609533039
The Capitol	12.5619961114	74.129553296
Rukmini Residency	14.3181918177	76.3120447057
Karishma Residency	17.5478532761	78.3033100983
Royal Challet	13.8813361527	77.418094022
Sreeya Comforts	12.0154761413	75.3613243702
O.l.v Palace	16.9936391876	78.1051010552
Century Nester	11.6542089177	74.6846964313
Southern Residency	14.2977041264	74.9509970889
The Woodbridge	16.8136577178	76.0547863036
The Grand Inn Mysore	17.5865567718	76.6744241253
Catalyst Suites Service Apartment Bannergatta	14.6862410604	76.6180204337
The Elite	18.2671955815	77.2702285819
Oyster Inn	14.2553021902	77.8065579643
Iwe Suites	16.012271879	77.2003349679
Kedige Home	16.4269913482	76.4136474675
Raj	14.620258845	75.3904875429
Mel's Regency	14.8202900055	75.6568122769
Vivanta by Taj - M G Road	13.9914116342	75.6628202263
Fortune Select JP Cosmos	12.4053313287	75.1153886642
Davanam Sarovar Portico Suites	15.5445607286	76.6384171029
Krishna Palace	12.9769290001	77.8584293369
The Basil Ikon	16.6425759829	76.4422498567
Coorg County Resorts	13.64169708	75.1884289983
Our Native Village	15.1481030159	76.6685363326
Shreyas Yoga Retreat	12.7684035802	78.4171551832
The Chevron Infantry	12.6240360204	75.6868913188
Suraksha Regency	13.4452854258	74.1252930383
Oyo Rooms Indiranagar 12Th Main	14.9951481171	75.1328421851
Maday Holidays	11.9742761424	74.1140368268
Suvarna Regency	11.8128332986	78.289259499
New Rainbow Business	14.5044671535	74.3335984699
Hare Krishna Residency	18.0465643421	74.2551577591
Pleasant Stay Inn	17.3347581601	76.7048300539
Royal Suites Apartments	16.0987588946	78.4253956998
Vasantha Mahal	18.0194428727	76.7805766274
Sky Palace	12.6008186781	78.1454592968
Oyo Rooms Kalyan Nagar	12.887146135	75.604901631
Archana Guest House	12.2648109662	75.1336640252
Woodlands	15.750054024	74.5862696635
Ruby Corporate Services	18.2176276155	76.0459124701
MK Fairmont	12.1698789605	74.1298006604
Oakwood Premier Prestige Bangalore	13.0621567669	78.31478983
St. Mark's	17.6775085888	77.5391455727
Meenal	11.6378845192	76.1455820416
The Taj West End	17.2879436237	76.3910594538
Rns Apartment	14.8507858406	78.3277187948
Empire Suites-Luxury Apartments	18.4722234525	76.1776199945
Shree Adiga Residency	13.9449354184	74.5499015245
Country Club Lakeside	16.2244548516	76.2843411088
Turtle Bay On Sea, A Justa Resort	18.3851543298	74.5713560564
Kishkinda Heritage Resort	15.3264574604	76.9142857169
The Windflower Resorts & Spa Mysore	18.4183581866	74.1756526088
Radha Regent	13.4245113038	77.8283537187
37th Crescent	13.5546771037	76.4297381911
Crystal Court	15.9060315421	74.4222282437
Surya	15.4194920443	77.6512664818
NewMB International	12.305497994	75.488540462
White Orchid	14.7470054409	76.2313558839
The Grand Continent	15.902362062	77.9092835336
Oyo Rooms K R Puram	17.4867124971	77.3322040294
Grand Adigas - Phg	16.9938994409	78.1157786294
Nandhini - R.T.Nagar	13.7713260734	75.3214931354
Ekaa	12.1544487518	76.8696068131
Sunshine	17.0271537334	77.3281026977
Asha Regent	12.9605460953	78.2586755126
Paramount Tourist Home	11.8126000727	75.9268973091
Palace Guest House	17.1136683523	75.1413109057
Mysore Dasprakash	16.3519682751	74.1335181935
Vivanta By Taj Madikeri	11.7753984395	74.3919215037
Airavatam Boutique	14.1956724402	74.9146665834
Malligi	11.6752079681	77.3713561387
Best Western Premier La Marvella	14.2649160491	77.6828869772
Pai Viceroy	12.8555970837	75.1911798708
Kings Kourt	15.5638564559	77.4172089953
CCI Arte Boutique	12.5413670739	76.2926219665
Pai Vista Mysore	14.7881906025	74.3238735529
Royal Orchid Central Shimoga	14.3215935536	76.8392303884
Museum Inn	15.4216879462	75.5744272247
Blupetal	16.9639669699	74.9997954094
Shine	16.9349482439	77.8196121275
Sairam Residency	13.4883636801	77.9744823128
Nandhana Martahalli	12.1120532739	74.7642428448
Sharq Residency	16.2264913696	76.5852101291
Dass Suites	17.9240465979	74.1276335465
Vishranth Service Apartment	15.4676192139	77.5338850028
Tourist Lodge	11.8934996822	77.2005331683
Mysore Complex	17.5694079443	76.116716583
Coffee Valley Club & Cafe	16.4997101387	74.4607029303
Mangalore International	13.326306289	74.1922805739
The Orange	17.3627030985	74.5039507618
Champakadhama Residency	15.7498858738	74.4667040003
Oyo Rooms Indiranagar 210	13.4805625964	74.9173575946
Orange Stay	12.777628647	74.203841282
Nisarga Drive Inn	14.6131817637	75.8719933061
The Paul Bangalore	14.1920989218	75.9750736852
Vivanta By Taj - Whitefield	12.429112357	76.9016825887
The Monarch on Brigade Road	12.9594213327	77.5900962306
The Bride Corporate Suites	16.635899922	74.1506320267
Silver Brook Estate	11.905940459	77.0474632201
Temple Tree 	16.2728136595	74.9552343184
The Fern Citadel	13.9473408536	75.4731570904
Halcyon Condominiums	11.7391180362	76.4775682476
Sheltron	14.2662898449	75.7121334179
Hilltown	13.3190358057	77.4970548205
Telehaus International	14.6419743435	78.2432276609
Oyo Rooms Electronic City	12.3263714487	76.3280116342
Mayur Suites Inn	13.8546404514	78.4439217959
Shamrock Groove Boutique Inn	17.8866311145	76.1528965465
Manasa Paradise	13.1291598719	78.1411041681
Karthik	17.3879091634	76.4057200596
Oyo Rooms Koramangala Forum Mall	11.7068513282	76.7309493584
The Goyal Residency	12.9769836672	77.8214783045
Chalukya	16.1934452344	78.4113201943
M.T.R Yatrinivas lodge	16.5919997729	77.1423229245
Comfort	14.4827862081	75.6003103858
Raj Comfort Boutique	15.2793417809	77.0277154425
Magic Inn	17.5206759044	75.8371778821
Nandhana Hometel	17.2350071858	77.4745459662
Nandu Associates - Near Manyata Tech Park	16.444574959	76.8834431133
Le Meridien Bangalore	12.7561548421	78.4737526308
Golden Landmark Resort	12.380497902	74.48860271
Lords Plaza - Electronic City	13.2885040137	77.4133077866
Shilton Suites	17.3292414405	75.5815537177
Comfort Inn Vijay Residency	13.8665175441	78.4995679146
Goldfinch Retreat	18.3318331206	77.9195141498
Fortune Inn Valley View	15.9701449683	78.1170365174
The President	11.9252366144	78.3437716175
Denissons	13.450435555	77.3582141929
Kodagu Plaza	18.2698544476	77.7489854443
M.T.R. Residency	17.2252476877	76.6879348891
Richmond Residency	12.975322183	74.8705660231
Prasidhi Stay Inn	17.8778569735	75.8765099715
Manasa Guest House	15.525893979	77.0802570617
Empire International	16.7850879559	75.8402096077
Paddy Valley	13.2226375257	75.6341982475
Purple Inn Boutique	11.8682723598	74.4378502933
Kamat's Mayura 	18.3283083701	77.1723227198
S K Regency	13.9299038334	75.4997907481
Ganesh Mahal	17.5122338197	77.2265081881
Mallige Residency	12.4797397684	77.2704794745
Euro Valley Home Stay	12.9069152449	75.396231973
Oyo Rooms Jayanagar Ashoka Pillar	17.5039660392	76.1593669812
Silicon Hearth	12.4008189769	74.1014890499
Om Residency Prestige Shanti Niketan Serviced Apartments	16.5044832736	78.1460289926
Leisure Vacations Tarang Resorts	17.6598989832	75.4399681734
Oyo Rooms Indiranagar Old Airport Road	14.7507339966	74.4918812009
Radiant Resort	18.0059158201	78.1518726899
The Gateway Lakeside	13.5875161509	74.7947776061
Mvenpick & Spa Bangalore	14.6730485117	76.5071876166
NewMark's Grandeur	15.106375732	75.093013309
Cross Roads Inn	14.2946145803	77.6277437663
Mlange Bangalore	16.0766773481	76.4311015586
United 21 ex Ramanashree Mysore	17.1099304926	77.6886415152
NewSRT Alpines	17.9759742241	78.0421936448
Citrus Bangalore	13.5278600665	75.6749664182
Oleander Serviced Apartments	12.9066531549	77.0711036622
Coorg Hallimane	14.3487884339	75.2011531113
Ashraya International	13.1997325075	74.9664656015
Elim Resorts	13.2255746636	77.9550180157
Executive Comforts	18.0445740634	75.6816441033
Akshara Regency	12.4165743607	74.378184586
Sharada International	17.2666103798	77.4146228085
State Lodge, Dandeli	13.36862929	76.0264325172
Ritz	12.0543383811	74.6963848501
Adhi Manor	17.6931369353	76.1222991025
Gowri Resort	14.2058883299	76.6813266709
AAA Luxury Stay	13.3621731486	74.2099828862
Summer Park	15.9231142774	74.1646817137
Sk Continental - Tg	13.5382778218	78.4552807686
Airlines	18.3070817411	74.1696149069
Green Haven	15.2213199336	78.587395288
Arafa Inn	12.8705420802	77.1699475248
Pigeon International	16.8641698653	76.3942827119
Crystal Paark Inn	13.670783269	74.5969071886
Airport Gateway	14.0836272733	77.6131578119
Green View Boutique	15.7057143131	78.2499356002
Sri Krishna Suites	11.8845913967	74.453605754
NewCountry Inn & Suites By Carlson	13.1064823621	77.1002288568
Kadamba Guestline	16.7727472271	74.8301591648
KVC International	18.1050311323	77.8502240422
Red Earth Kabini	17.2504091133	75.9091899723
Park Plaza Bangalore	17.0242005737	78.4511461803
Shilton Royale	13.6477761733	75.4572765897
Springs Hotel and Spa	17.3729683971	77.7780394174
Confident Amoon The Glamour Spa And Resort	13.0402102014	74.4716667971
Casa Piccola Cottage	12.8894340327	76.4756181326
The Saffron Boutique	12.1910979974	76.8822318289
Tulip Home	16.7428026583	75.4578433065
Magnolia	13.7711705921	78.4664310716
Bombay Tiffanys	18.1402604495	76.2010920982
Dasharath	15.4654394059	75.7363536665
Vr Royal Residency	16.9628251627	76.6142615666
Coorg Regency	15.7496226636	74.4428496466
Oyo Rooms Indiranagar Cmh Road	11.68171162	76.8252561128
Shree Comforts	14.664330966	75.6815672059
Oyo Rooms Koramangala 5Th Block	15.63019426	74.6547712401
Roopa	12.5577262575	75.2830579599
Geo	14.7922465453	77.62390353
Sk Elegance	17.367699441	78.3387696133
Lotus Park	11.6163115365	74.2609355454
The Oberoi Bangalore	17.3710835394	75.5144303471
Elmas	15.9069250803	78.2717350224
Travel Inn	12.1337262195	75.5991809791
Veera Bhoomi Tourist Village	18.202618377	75.3648995233
Escape & Spa	14.3981053212	75.6142684394
Mathyoo	12.2820115732	76.5594161756
Silent Shores Resort & Spa	12.6968951823	77.9394279505
Ramanashree California Resort Yelahanka	17.4144943646	76.8529727234
Ginger Mysore	11.6668911106	76.3292087182
Nandhana Grand	15.4199494385	77.3215820446
Eagle Ridge Resort	12.6069024092	74.6022273458
Vittal Regency Bangalore	11.6834987657	76.8389137526
Oyo Rooms Jc Road	15.7683418642	78.0944853896
Anand Vihar	13.3244543983	76.028010373
Elegant Guest House	17.5636543847	78.0612571749
Kaveri Palace	16.1616887052	78.5544457237
Emporium	17.6828033859	78.2745189952
Balkis Home Stay	16.5230022265	74.6256529658
Sk Presidency	14.970823721	77.4191976542
Chetan International Bangalore	16.4093806098	74.8859467953
The Koramangala Residency	17.8517178331	75.7947251008
Rajathadri	15.7658132288	74.5404153367
Grand Inn	11.9937693347	74.6298815922
Empire International Koramangala	14.8471314917	76.2769399226
Aarti Home Stay	17.3455586731	77.902453769
Castle International Premium	15.8943300649	74.6856094107
Parumpara	11.9591345277	76.6372914046
Paradise Isle Beach Resort	13.8549894659	75.1314371717
Manipal County	16.8945105441	76.6125227447
Royal Orchid Suites Bangalore	12.4040427896	74.3182789865
Ramada Bangalore	11.8439959614	76.8387646283
Trinity Isle	12.9938382249	74.3610657449
Classic Inn Boutique	16.1034910945	78.1634310345
Urban Oasis Serviced Apartment	17.3285957981	77.7486395665
Brunton Heights	16.3131714304	75.8384869839
Chitravana Resorts	17.366109975	76.2075436604
Shri Kamal	16.2291466233	76.4821543477
Chandra Palace	13.9819144904	77.2325972999
Caveri	13.1719059854	78.4748071125
Emirates Suites	15.3111596293	77.5068628437
Hampi International	16.2318584567	76.3646180603
NewOlive Residency	15.802615143	74.7249547015
Sri Sai Comforts	13.3821749312	77.7917019997
Kamats Lalbagh	15.1666492563	76.8556138583
Cats Den Homestay	15.076747688	77.3551163794
Stay Simple Brindavan	16.3187322197	77.8198389201
Corporate Stay	15.1566822355	75.7099679652
CRN Canary Sapphire	11.6663263116	75.7482435294
Prajwal Hometel By Mango S	17.4590840765	78.2526000489
Alpen Glow	16.1669249536	77.1890038822
Ayush International	13.1707322477	77.7444851499
The Elanza	16.2026417467	77.8693662533
Service Inn Apartments	17.0648631163	78.3083341439
Ramee Guestline	14.1151269729	78.3445693008
The Waves Serviced Apartments	15.9784304431	78.3242754776
Royal Orchid Central Bangalore	17.1245474489	77.3841320553
Lemon Tree Hotel	14.2925167729	78.14951915
Roerich	14.9029556931	78.0444252028
Sovereign	14.3610251304	74.1196865242
Stay Simple Greenline	13.1999129484	76.0271823595
Green Land Guest House Gokarna	16.3452487983	76.6369355257
Sri Trupthi Comforts	15.2279079278	76.3548328914
Udupi Park Inn	12.5957857997	76.1457626749
Sriram Residency	14.6705048507	77.4035838635
